,air,Zip,Year,ppsf_doll_pred,Latitude,Longitude,Date
13241,0.7147500000000377,54601,2018,101.86526594378441,43.75,268.75,2018-01-01
9633,8.583930000000029,37087,2014,93.73762253838156,36.25,273.75,2014-01-01
14185,11.346519999999998,61341,2020,105.4096883039712,41.25,271.25,2020-01-01
2581,17.926537500000023,10514,2020,321.5507351957481,41.25,286.25,2020-01-01
4414,20.260085000000032,21662,2020,304.68091675514165,38.75,283.75,2020-01-01
13092,15.496436666666701,54603,2015,69.82449083334615,43.75,268.75,2015-01-01
18589,13.138500000000022,95661,2013,189.7016516609679,38.75,238.75,2013-01-01
12674,14.09661333333336,53963,2018,89.89543752090121,43.75,271.25,2018-01-01
18948,25.692769999999996,95650,2015,252.4238867620436,38.75,238.75,2015-01-01
2769,4.730695000000026,10570,2021,325.7775663900328,41.25,286.25,2021-01-01
6711,25.267620000000022,32746,2013,103.53149770104274,28.75,278.75,2013-01-01
17224,11.396190000000033,83702,2018,231.32792882689864,43.75,243.75,2018-01-01
17757,16.622608000000024,92201,2016,147.97833937458705,33.75,243.75,2016-01-01
10848,13.809855000000013,44241,2016,96.63242095762564,41.25,278.75,2016-01-01
15539,12.309806000000037,68130,2017,108.8189272405036,41.25,263.75,2017-01-01
5918,17.70453500000002,30025,2014,67.57900986826309,33.75,276.25,2014-01-01
19306,17.164261666666693,95628,2017,210.42690460038497,38.75,238.75,2017-01-01
5053,5.083920000000035,28697,2014,60.3357283193146,36.25,278.75,2014-01-01
7572,21.227475000000027,32765,2016,130.9622514446574,28.75,278.75,2016-01-01
15748,11.184533333333357,68130,2019,125.90290392782941,41.25,263.75,2019-01-01
14735,16.99586000000002,64019,2020,113.33089120158192,38.75,266.25,2020-01-01
19888,13.72616000000005,95677,2019,242.8791022276485,38.75,238.75,2019-01-01
10431,5.648300000000006,37807,2018,106.14612471892453,36.25,276.25,2018-01-01
1641,18.00416500000003,10547,2017,207.56653073693815,41.25,286.25,2017-01-01
15401,-3.4516699999999787,68007,2016,113.44594784529806,41.25,263.75,2016-01-01
11155,12.086970000000008,44255,2020,130.9075468149405,41.25,278.75,2020-01-01
18587,13.138500000000022,95630,2013,208.9520268795774,38.75,238.75,2013-01-01
7309,24.073026666666692,32746,2015,123.53806502213475,28.75,278.75,2015-01-01
14718,24.316693333333358,64093,2019,113.1275008541382,38.75,266.25,2019-01-01
15629,6.281660000000026,68136,2018,126.05521007131411,41.25,263.75,2018-01-01
15369,20.617729999999995,68022,2016,122.43563170835287,41.25,263.75,2016-01-01
6795,24.213026000000013,32701,2013,69.06955093144816,28.75,278.75,2013-01-01
15765,11.889370000000042,68022,2019,147.32591508233975,41.25,263.75,2019-01-01
14748,12.315603333333362,64093,2020,119.73703665136054,38.75,266.25,2020-01-01
11193,-4.5298499999999535,44202,2021,152.75999963295374,41.25,278.75,2021-01-01
15824,6.926556666666689,68118,2020,124.8114232030673,41.25,263.75,2020-01-01
14768,10.514843333333355,68118,2012,50.66922508962275,41.25,263.75,2012-01-01
17791,14.107793333333367,92236,2017,133.33354023566068,33.75,243.75,2017-01-01
2374,15.250766666666701,10598,2019,249.84546787505033,41.25,286.25,2019-01-01
2363,8.687616666666694,10541,2019,203.55211090545131,41.25,286.25,2019-01-01
17418,5.486900000000048,83704,2021,174.20357960511984,43.75,243.75,2021-01-01
17173,8.307350000000042,83713,2017,146.3504168632859,43.75,243.75,2017-01-01
2319,12.323895000000022,10570,2019,311.01338424137356,41.25,286.25,2019-01-01
5701,25.22170500000003,29572,2019,180.25019876414558,33.75,281.25,2019-01-01
20160,11.407650000000046,95746,2021,289.7137062221825,38.75,238.75,2021-01-01
7936,24.26841333333336,32765,2017,139.54233467219623,28.75,278.75,2017-01-01
13177,12.049943333333374,54603,2017,85.53326765126228,43.75,268.75,2017-01-01
9818,16.13453000000003,37090,2017,132.48495381451514,36.25,273.75,2017-01-01
4628,11.344980000000021,27581,2014,89.33858281222243,36.25,281.25,2014-01-01
6611,22.831935000000016,32771,2012,73.94221805316225,28.75,278.75,2012-01-01
17426,9.710000000000036,83714,2021,201.5364482433036,43.75,243.75,2021-01-01
14030,16.165890000000047,61341,2018,85.70533815921088,41.25,271.25,2018-01-01
9032,26.283600000000018,32707,2020,152.30209447428496,28.75,278.75,2020-01-01
15689,6.016910000000034,68064,2019,134.4513231935305,41.25,263.75,2019-01-01
9225,25.618920000000003,35131,2012,27.00719725239746,33.75,273.75,2012-01-01
19212,18.230070000000012,95608,2016,205.4872539746076,38.75,238.75,2016-01-01
20201,16.366240000000005,95843,2021,222.3673686734906,38.75,238.75,2021-01-01
15195,12.957273333333356,68069,2015,118.48303128843078,41.25,263.75,2015-01-01
6896,23.69296000000001,32765,2013,103.58426674732361,28.75,278.75,2013-01-01
6452,26.40127000000001,32750,2012,79.64336172952707,28.75,278.75,2012-01-01
18194,15.679300000000012,93927,2020,210.27661986622007,36.25,238.75,2020-01-01
6736,23.993460000000027,32730,2013,71.36607099329176,28.75,278.75,2013-01-01
18645,14.443310000000025,95663,2014,245.09032997962657,38.75,238.75,2014-01-01
17443,16.938470000000024,92236,2012,89.7656161701739,33.75,243.75,2012-01-01
18959,20.435610000000015,95843,2015,167.02813069223,38.75,238.75,2015-01-01
18978,24.075680000000034,95608,2015,195.62192898244362,38.75,238.75,2015-01-01
17678,21.65004666666668,92253,2015,192.01431318519033,33.75,243.75,2015-01-01
18650,11.752175000000022,95765,2014,179.1545616885861,38.75,238.75,2014-01-01
18682,17.485692500000027,95677,2014,191.5947385951444,38.75,238.75,2014-01-01
16872,12.333950000000016,83704,2013,100.91694658944061,43.75,243.75,2013-01-01
4664,15.527506666666682,27581,2015,101.58396372685725,36.25,281.25,2015-01-01
19139,16.090143333333362,95843,2016,176.9691744110635,38.75,238.75,2016-01-01
7521,23.53997000000004,32771,2015,103.40594857894776,28.75,278.75,2015-01-01
16185,27.360400000000027,74054,2014,124.58879250940285,36.25,263.75,2014-01-01
19607,19.53074000000001,95843,2018,198.86942256902927,38.75,238.75,2018-01-01
18048,25.093200000000024,92211,2020,220.9573331399034,33.75,243.75,2020-01-01
9207,21.067195000000027,32746,2021,177.20420057381548,28.75,278.75,2021-01-01
20022,18.73631000000003,95608,2020,238.88779558582837,38.75,238.75,2020-01-01
9716,12.589590000000006,37090,2015,112.41560676058008,36.25,273.75,2015-01-01
8512,22.398530000000015,32707,2019,140.0961637421418,28.75,278.75,2019-01-01
15393,15.806630000000041,68069,2016,129.44634837966686,41.25,263.75,2016-01-01
1811,6.190860000000025,10536,2018,263.41243851491043,41.25,286.25,2018-01-01
12782,4.598313333333333,53963,2020,105.58512730297264,43.75,271.25,2020-01-01
17332,4.776407500000033,83702,2020,246.1055208030927,43.75,243.75,2020-01-01
8556,22.47225000000003,32730,2019,129.89574006906568,28.75,278.75,2019-01-01
9723,6.288499999999999,37087,2016,109.38093879537092,36.25,273.75,2016-01-01
20024,17.207353333333362,95610,2020,221.88959820893047,38.75,238.75,2020-01-01
4740,16.643123333333374,27503,2017,115.83060173647691,36.25,281.25,2017-01-01
6253,18.31725000000003,30025,2020,121.10087608807686,33.75,276.25,2020-01-01
10847,11.434463333333364,44240,2016,82.89939014165994,41.25,278.75,2016-01-01
19220,15.302807500000029,95662,2016,210.6082987156099,38.75,238.75,2016-01-01
19125,15.302807500000029,95621,2016,185.38659166152038,38.75,238.75,2016-01-01
10369,21.24532000000005,37721,2017,107.134111662853,36.25,276.25,2017-01-01
6974,21.460110000000014,32765,2014,108.83739189885414,28.75,278.75,2014-01-01
8328,23.315578000000027,32773,2018,119.15865392780003,28.75,278.75,2018-01-01
1341,16.97002500000002,10547,2016,197.93458754367248,41.25,286.25,2016-01-01
18143,12.698682500000018,93927,2016,174.02495228978776,36.25,238.75,2016-01-01
6080,21.40299333333337,30655,2017,93.08866468199021,33.75,276.25,2017-01-01
17191,3.2048300000000154,83713,2018,150.3444119005154,43.75,243.75,2018-01-01
6133,9.54715333333335,30025,2018,100.81617394387105,33.75,276.25,2018-01-01
15236,18.262462500000026,68007,2015,103.40762193989292,41.25,263.75,2015-01-01
9861,4.172815000000014,37087,2018,131.81817030246083,36.25,273.75,2018-01-01
9358,16.475790000000018,35953,2018,98.84062152405043,33.75,273.75,2018-01-01
14432,8.594630000000024,63383,2018,113.58522613082705,38.75,268.75,2018-01-01
16994,8.705070000000035,83714,2015,144.35928663971984,43.75,243.75,2015-01-01
1067,23.433099999999996,10549,2015,229.40717609066442,41.25,286.25,2015-01-01
15925,16.17303000000001,68135,2020,140.34438874224406,41.25,263.75,2020-01-01
1073,23.392179999999996,10589,2015,239.00133224078655,41.25,286.25,2015-01-01
15745,25.422020000000032,68069,2019,156.7082645863899,41.25,263.75,2019-01-01
1355,17.56548333333338,10510,2016,244.17138787448994,41.25,286.25,2016-01-01
15965,7.580650000000048,68069,2021,170.20156965816616,41.25,263.75,2021-01-01
11165,7.91039333333337,44240,2020,120.38810807369657,41.25,278.75,2020-01-01
19686,14.136400000000009,95650,2018,283.2111043118581,38.75,238.75,2018-01-01
3874,11.30093000000005,21654,2016,237.76077414629432,38.75,283.75,2016-01-01
4272,18.004560000000026,21663,2019,232.79935108659447,38.75,283.75,2019-01-01
12648,9.177610000000044,53919,2018,88.91078033804587,43.75,271.25,2018-01-01
18308,24.242970000000014,95765,2012,161.7271068626054,38.75,238.75,2012-01-01
20133,12.79797000000002,95621,2021,228.5202035636531,38.75,238.75,2021-01-01
7441,23.469254000000024,32751,2015,127.04139509973356,28.75,278.75,2015-01-01
15795,7.906872000000033,68138,2019,126.0529121487087,41.25,263.75,2019-01-01
13351,-6.117949999999979,54601,2020,119.34225083238746,43.75,268.75,2020-01-01
17605,27.085550000000012,92236,2014,110.35805009681187,33.75,243.75,2014-01-01
16887,3.263500000000022,83616,2013,130.8540490976334,43.75,243.75,2013-01-01
19760,19.78310000000003,95662,2019,238.31471399424439,38.75,238.75,2019-01-01
18738,17.320580000000025,95746,2014,230.62867073616496,38.75,238.75,2014-01-01
18122,14.923285000000021,93927,2014,156.07337221139977,36.25,238.75,2014-01-01
20097,12.333720000000028,95621,2020,222.76293200176633,38.75,238.75,2020-01-01
9878,14.444192500000028,37090,2018,142.35945795279343,36.25,273.75,2018-01-01
9904,25.97085000000004,37088,2018,141.51568572606476,36.25,273.75,2018-01-01
9531,24.245400000000018,37087,2013,86.10946936488592,36.25,273.75,2013-01-01
18757,25.07916,95747,2014,190.2075631075029,38.75,238.75,2014-01-01
2418,15.805576666666695,10562,2020,242.52418814813427,41.25,286.25,2020-01-01
8511,20.83865000000003,32701,2019,122.23012571067771,28.75,278.75,2019-01-01
5653,20.198440000000023,29572,2018,167.96796798323183,33.75,281.25,2018-01-01
2180,20.435600000000022,10510,2019,273.20592727022824,41.25,286.25,2019-01-01
8638,25.322816666666693,32765,2019,161.45674138466111,28.75,278.75,2019-01-01
4694,10.411710000000028,27581,2016,110.5297525476923,36.25,281.25,2016-01-01
6193,17.840906666666683,30025,2019,109.98483162587642,33.75,276.25,2019-01-01
15871,15.68449666666667,68136,2020,143.93059020223674,41.25,263.75,2020-01-01
14793,18.73154500000001,68136,2012,68.28211715961504,41.25,263.75,2012-01-01
1663,18.288470000000018,10541,2017,183.72915108530657,41.25,286.25,2017-01-01
8846,18.022670000000005,32765,2020,163.97655418764566,28.75,278.75,2020-01-01
7101,26.333603333333333,32746,2014,115.16222955268233,28.75,278.75,2014-01-01
15930,5.209123333333366,68022,2020,156.12278420131483,41.25,263.75,2020-01-01
7336,24.823600000000027,32750,2015,108.70712586534607,28.75,278.75,2015-01-01
7785,22.28106750000002,32708,2016,125.57201937679157,28.75,278.75,2016-01-01
19046,16.087212500000007,95765,2015,188.4086348068645,38.75,238.75,2015-01-01
5570,19.815240000000035,29582,2015,143.39269738451608,33.75,281.25,2015-01-01
9318,26.24380000000002,35953,2016,82.09217793342114,33.75,273.75,2016-01-01
19908,16.868265000000036,95746,2019,278.66088784633905,38.75,238.75,2019-01-01
18901,19.974260000000015,95747,2015,197.01191964383472,38.75,238.75,2015-01-01
7183,20.873682500000015,32771,2014,88.71786867905115,28.75,278.75,2014-01-01
18832,11.41088000000002,95842,2014,158.72212958714022,38.75,238.75,2014-01-01
5626,20.499016666666705,29572,2017,157.93878020937987,33.75,281.25,2017-01-01
11058,1.4049150000000452,44241,2019,124.11992831244793,41.25,278.75,2019-01-01
1531,4.284565000000015,10514,2017,290.8223971943222,41.25,286.25,2017-01-01
18053,20.75436000000002,92210,2020,277.8365803958729,33.75,243.75,2020-01-01
15680,-2.1077049999999815,68116,2019,128.07506752619685,41.25,263.75,2019-01-01
2186,9.889826666666693,10536,2019,273.8396798796758,41.25,286.25,2019-01-01
13305,6.497288333333358,55947,2019,123.23599416910378,43.75,268.75,2019-01-01
6484,27.900170000000003,32707,2012,77.51763112991904,28.75,278.75,2012-01-01
17810,15.341805000000022,92253,2017,211.17237688865117,33.75,243.75,2017-01-01
19113,21.18957000000003,95663,2016,267.5307471194748,38.75,238.75,2016-01-01
19982,16.78830000000005,95765,2020,233.88331772234744,38.75,238.75,2020-01-01
5669,19.454038000000025,29582,2018,170.2997337615204,33.75,281.25,2018-01-01
6529,25.087400000000024,32746,2012,95.22939964404331,28.75,278.75,2012-01-01
6790,23.838563333333354,32750,2013,88.94218902236155,28.75,278.75,2013-01-01
19384,16.454636666666698,95677,2017,217.8271672936936,38.75,238.75,2017-01-01
18464,15.308185000000009,95662,2013,182.0916452471893,38.75,238.75,2013-01-01
2223,18.91133000000002,10589,2019,274.19599054531346,41.25,286.25,2019-01-01
14201,6.893150000000048,61350,2021,123.32582983649682,41.25,271.25,2021-01-01
6531,27.00120000000004,32751,2012,99.90364328322752,28.75,278.75,2012-01-01
7751,23.462173333333368,32746,2016,131.52217461766625,28.75,278.75,2016-01-01
19857,19.78310000000003,95841,2019,184.31681445504378,38.75,238.75,2019-01-01
14810,23.541345000000007,68069,2012,89.98038524266728,41.25,263.75,2012-01-01
4085,16.636670000000024,21663,2017,214.53648695096112,38.75,283.75,2017-01-01
8899,22.35265000000001,32771,2020,148.79141805103382,28.75,278.75,2020-01-01
1605,20.839500000000044,10510,2017,254.26001065328455,41.25,286.25,2017-01-01
5658,19.348445000000027,29566,2018,119.21404688672379,33.75,281.25,2018-01-01
10820,7.727470000000039,44266,2015,70.35921816154675,41.25,278.75,2015-01-01
2575,18.655700000000024,10501,2020,245.95016559104366,41.25,286.25,2020-01-01
17683,21.874973333333344,92236,2015,120.3386329636076,33.75,243.75,2015-01-01
17741,22.426723333333353,92210,2016,238.5326653610238,33.75,243.75,2016-01-01
16084,24.250969999999995,72482,2020,70.2818569203957,36.25,268.75,2020-01-01
6236,23.164060000000035,30656,2019,118.11316700616456,33.75,276.25,2019-01-01
16355,9.708186666666696,74063,2019,108.82486404334128,36.25,263.75,2019-01-01
18640,15.963972500000025,95628,2014,182.18142288004168,38.75,238.75,2014-01-01
1774,10.766407500000042,10598,2017,228.90599332836507,41.25,286.25,2017-01-01
20150,13.886945000000026,95610,2021,230.08257808482426,38.75,238.75,2021-01-01
16382,5.1644000000000005,74063,2020,116.48780753112138,36.25,263.75,2020-01-01
10511,21.441460000000035,37807,2020,124.57080605330236,36.25,276.25,2020-01-01
14157,14.302551666666687,61364,2020,81.32279053339313,41.25,271.25,2020-01-01
16792,15.833550000000022,83702,2012,173.62397662033172,43.75,243.75,2012-01-01
5993,15.631385000000023,30025,2015,78.1761768222774,33.75,276.25,2015-01-01
17789,19.476815000000045,92210,2017,244.32710234062898,33.75,243.75,2017-01-01
14554,25.306420000000003,64093,2012,47.620446892065374,38.75,266.25,2012-01-01
14476,26.734520000000032,63351,2019,133.42690291589832,38.75,268.75,2019-01-01
15426,3.91851333333337,68069,2017,131.53302047678372,41.25,263.75,2017-01-01
18234,17.116233333333355,95746,2012,206.97186983972423,38.75,238.75,2012-01-01
17020,10.053533333333368,83702,2015,202.97310114836583,43.75,243.75,2015-01-01
10076,10.70759000000001,37090,2020,163.23739656081182,36.25,273.75,2020-01-01
18821,15.793325000000024,95630,2014,215.23640394953873,38.75,238.75,2014-01-01
9334,10.292136666666712,35953,2017,87.7937383768854,33.75,273.75,2017-01-01
13211,6.94980400000004,54601,2017,95.25184750457545,43.75,268.75,2017-01-01
15218,10.55841000000001,68116,2015,89.24070634668428,41.25,263.75,2015-01-01
7445,24.823165000000017,32701,2015,91.89225630671662,28.75,278.75,2015-01-01
12200,9.348445000000027,50210,2021,141.1696160178266,41.25,266.25,2021-01-01
19328,18.01433000000003,95662,2017,219.24633527917308,38.75,238.75,2017-01-01
17932,16.798617500000034,92203,2019,174.69321465068253,33.75,243.75,2019-01-01
19784,15.359475000000032,95765,2019,224.33914185667442,38.75,238.75,2019-01-01
10083,3.9585850000000278,37087,2021,156.43828931431597,36.25,273.75,2021-01-01
5637,26.75576000000001,29566,2017,113.8147542618999,33.75,281.25,2017-01-01
11195,0.5566500000000474,44240,2021,126.92098441755394,41.25,278.75,2021-01-01
15038,10.259270000000015,68007,2014,90.92376371929927,41.25,263.75,2014-01-01
12854,-8.197664999999972,53963,2021,109.96329890673621,43.75,271.25,2021-01-01
7447,26.799360000000018,32708,2015,117.73320624178739,28.75,278.75,2015-01-01
19671,16.502160000000032,95663,2018,287.64373989266534,38.75,238.75,2018-01-01
18082,11.643150000000048,92203,2021,191.18318944849852,33.75,243.75,2021-01-01
17170,9.643586666666712,83702,2017,221.21517140026685,43.75,243.75,2017-01-01
13280,10.503313333333361,55947,2018,115.61721452868885,43.75,268.75,2018-01-01
2343,4.47616000000005,10562,2019,236.76803476676776,41.25,286.25,2019-01-01
9746,22.329005000000024,37090,2016,121.52645799135297,36.25,273.75,2016-01-01
15155,9.73624000000001,68135,2015,88.54372470063495,41.25,263.75,2015-01-01
20027,20.501613333333353,95630,2020,271.2208371867893,38.75,238.75,2020-01-01
1899,17.83227000000005,10598,2018,236.47773563535617,41.25,286.25,2018-01-01
10259,11.822770000000048,37807,2015,70.68262855989552,36.25,276.25,2015-01-01
8955,25.324263333333345,32708,2020,164.085001140609,28.75,278.75,2020-01-01
15244,8.807342500000033,68136,2015,97.46912962529036,41.25,263.75,2015-01-01
19590,19.53074000000001,95608,2018,223.54474444779038,38.75,238.75,2018-01-01
8147,18.816200000000038,32701,2017,107.50385463247773,28.75,278.75,2017-01-01
2703,-1.1548499999999535,10506,2021,291.70093831182123,41.25,286.25,2021-01-01
6319,11.541025000000047,30054,2021,122.35249629178774,33.75,276.25,2021-01-01
10526,4.254570000000001,37779,2020,113.4729895984656,36.25,276.25,2020-01-01
15856,9.975295000000017,68116,2020,141.07849845817623,41.25,263.75,2020-01-01
14690,7.777450000000026,64093,2018,100.48511528607565,38.75,266.25,2018-01-01
11037,9.159986666666688,44202,2018,129.97560154919563,41.25,278.75,2018-01-01
13737,19.478800000000035,61364,2013,14.814945135109298,41.25,271.25,2013-01-01
14136,-1.5565599999999904,61350,2020,112.48688438756164,41.25,271.25,2020-01-01
14906,14.680352500000026,68007,2013,82.46434249236414,41.25,263.75,2013-01-01
18783,17.254140000000024,95621,2014,164.9535270426876,38.75,238.75,2014-01-01
17419,7.598450000000042,83713,2021,180.93887302381182,43.75,243.75,2021-01-01
18323,19.98946333333335,95678,2012,170.3043896635198,38.75,238.75,2012-01-01
9974,17.03806000000003,37090,2019,148.809295197166,36.25,273.75,2019-01-01
16892,5.745685000000009,83714,2013,128.34976240280673,43.75,243.75,2013-01-01
15608,24.039000000000044,68138,2018,117.72497214041961,41.25,263.75,2018-01-01
14758,3.6057000000000414,64093,2021,126.4661609206229,38.75,266.25,2021-01-01
5338,12.847755000000006,28697,2019,103.08348264083156,36.25,278.75,2019-01-01
8301,24.83227000000005,32771,2018,126.59213448233518,28.75,278.75,2018-01-01
17019,12.812250000000034,83616,2015,146.76716271121865,43.75,243.75,2015-01-01
18231,11.70016000000004,95663,2012,225.70058849660177,38.75,238.75,2012-01-01
14622,16.822245000000038,64093,2015,75.56151803306273,38.75,266.25,2015-01-01
18982,18.89299750000002,95628,2015,193.36895805090128,38.75,238.75,2015-01-01
3791,25.911519999999996,21676,2015,264.5838808177916,38.75,283.75,2015-01-01
8507,22.09138333333334,32751,2019,161.55682284674478,28.75,278.75,2019-01-01
14930,7.224220000000031,68064,2013,74.40888673723603,41.25,263.75,2013-01-01
14965,6.628590000000031,68116,2013,72.84658793166626,41.25,263.75,2013-01-01
17608,26.547900000000027,92203,2014,130.95065522544422,33.75,243.75,2014-01-01
6794,27.40056000000004,32773,2013,72.68117264161799,28.75,278.75,2013-01-01
16907,2.593470000000025,83703,2014,147.61124758378517,43.75,243.75,2014-01-01
1693,20.781785000000042,10562,2017,217.38021021453156,41.25,286.25,2017-01-01
11209,7.5671950000000265,44255,2021,134.66859986802527,41.25,278.75,2021-01-01
6972,21.460110000000014,32750,2014,95.86764333021917,28.75,278.75,2014-01-01
18647,14.443310000000025,95678,2014,186.20973035377654,38.75,238.75,2014-01-01
15010,10.551545000000019,68118,2013,61.729829579912874,41.25,263.75,2013-01-01
15091,8.38772000000003,68138,2014,75.6931445978656,41.25,263.75,2014-01-01
19318,15.021390000000025,95842,2017,180.30492278867155,38.75,238.75,2017-01-01
15644,8.32470333333337,68022,2018,136.90358993832817,41.25,263.75,2018-01-01
12518,18.51627000000002,53963,2016,69.15880775729819,43.75,271.25,2016-01-01
18779,19.207290000000018,95843,2014,161.76234988918023,38.75,238.75,2014-01-01
13527,7.5037433333333565,56450,2020,145.5856133682884,46.25,266.25,2020-01-01
15297,4.70368000000002,68130,2016,98.34833568184126,41.25,263.75,2016-01-01
15599,9.359115000000031,68007,2018,126.7475413199434,41.25,263.75,2018-01-01
16193,13.156515000000013,74063,2014,64.7915189479657,36.25,263.75,2014-01-01
2233,25.047020000000032,10526,2019,216.98889160372744,41.25,286.25,2019-01-01
17259,1.1507799999999975,83616,2019,179.14633114052356,43.75,243.75,2019-01-01
8252,24.877556666666692,32707,2018,131.2695498626132,28.75,278.75,2018-01-01
4641,24.01666,27503,2014,88.80579365448375,36.25,281.25,2014-01-01
15772,11.305765000000036,68136,2019,139.04371638423834,41.25,263.75,2019-01-01
1943,24.295680000000004,10562,2018,225.81792015388422,41.25,286.25,2018-01-01
1778,-2.3889199999999846,10506,2018,262.45998322263557,41.25,286.25,2018-01-01
6973,18.12014000000002,32751,2014,111.93926580828881,28.75,278.75,2014-01-01
2397,1.8519000000000005,10588,2020,236.19033063205282,41.25,286.25,2020-01-01
11043,13.068923333333354,44202,2019,138.7805677750628,41.25,278.75,2019-01-01
14515,22.68900000000005,63351,2020,144.0507892276358,38.75,268.75,2020-01-01
2623,17.14328500000002,10589,2020,285.6789523382729,41.25,286.25,2020-01-01
10751,-2.5134499999999775,44240,2014,63.99369732980577,41.25,278.75,2014-01-01
14598,21.775935000000004,64093,2014,65.83336234239866,38.75,266.25,2014-01-01
15828,2.685845000000029,68138,2020,130.6857784255946,41.25,263.75,2020-01-01
1831,13.738890000000046,10514,2018,299.2048621946782,41.25,286.25,2018-01-01
14769,14.321338000000026,68130,2012,61.24536519693089,41.25,263.75,2012-01-01
7574,20.003250000000037,32773,2016,95.93898108176452,28.75,278.75,2016-01-01
15648,16.828930000000042,68118,2018,111.93753691843334,41.25,263.75,2018-01-01
8435,20.008793333333358,32708,2018,142.39354708308807,28.75,278.75,2018-01-01
4778,22.73852000000005,27581,2018,129.6983182656058,36.25,281.25,2018-01-01
15278,14.848786000000018,68138,2015,88.95847045202656,41.25,263.75,2015-01-01
5816,21.57639500000002,30656,2012,50.97714052384279,33.75,276.25,2012-01-01
4534,6.228525000000047,21654,2021,284.5753111255193,38.75,283.75,2021-01-01
4609,21.056240000000003,27509,2013,65.95229531562853,36.25,281.25,2013-01-01
19322,18.096176666666697,95610,2017,193.59055080454573,38.75,238.75,2017-01-01
17103,8.48696000000001,83616,2016,159.4995755360279,43.75,243.75,2016-01-01
8562,24.017175000000037,32773,2019,125.97705238976889,28.75,278.75,2019-01-01
10533,4.8139000000000465,37721,2021,137.17503711157968,36.25,276.25,2021-01-01
7907,18.913245000000046,32746,2017,137.6027132311517,28.75,278.75,2017-01-01
9541,24.58862000000005,37121,2013,100.45648577154392,36.25,273.75,2013-01-01
19024,10.97747000000004,95677,2015,204.6452302112057,38.75,238.75,2015-01-01
10496,13.85080000000005,37866,2020,159.96572938359265,36.25,276.25,2020-01-01
16935,12.71335000000002,83616,2014,139.93084187986378,43.75,243.75,2014-01-01
14912,4.368840000000034,68130,2013,67.57931758555912,41.25,263.75,2013-01-01
5397,19.22665333333335,28665,2020,144.74740058307125,36.25,278.75,2020-01-01
19665,13.849600000000029,95621,2018,202.9020527762327,38.75,238.75,2018-01-01
19498,15.608033333333367,95842,2018,189.9049175977293,38.75,238.75,2018-01-01
17062,8.200747500000034,83702,2016,210.01377163652535,43.75,243.75,2016-01-01
14903,10.824350000000027,68136,2013,78.81006993764235,41.25,263.75,2013-01-01
8848,23.614120000000014,32773,2020,136.1735080353119,28.75,278.75,2020-01-01
3423,20.74827000000002,21654,2012,206.36008405014803,38.75,283.75,2012-01-01
19983,12.865373333333366,95841,2020,193.21188475123304,38.75,238.75,2020-01-01
18824,16.69132000000002,95662,2014,194.32060759044228,38.75,238.75,2014-01-01
2304,19.214335000000034,10507,2019,281.7463702193194,41.25,286.25,2019-01-01
15143,3.8961933333333527,68130,2014,80.36111253503027,41.25,263.75,2014-01-01
3799,11.261265000000009,21663,2015,194.1697514128736,38.75,283.75,2015-01-01
2624,12.973100000000045,10598,2020,259.8226063247674,41.25,286.25,2020-01-01
15304,16.56977500000005,68064,2016,104.56232616067976,41.25,263.75,2016-01-01
15590,9.740290000000044,68064,2018,126.35369459245618,41.25,263.75,2018-01-01
9807,22.793023333333377,37087,2017,123.63414436005819,36.25,273.75,2017-01-01
6558,22.75486333333335,32765,2012,91.82308627578543,28.75,278.75,2012-01-01
7911,24.814140000000027,32771,2017,118.4084336556793,28.75,278.75,2017-01-01
15982,10.741240000000005,68138,2021,142.00100240549563,41.25,263.75,2021-01-01
15350,10.43371000000002,68116,2016,98.83233226783277,41.25,263.75,2016-01-01
6111,22.68282000000005,30656,2017,98.75307391798611,33.75,276.25,2017-01-01
12163,17.280700000000024,50160,2020,144.10117419678465,41.25,266.25,2020-01-01
11172,15.455790000000007,44241,2020,135.70514155463053,41.25,278.75,2020-01-01
9157,18.595150000000046,32751,2021,178.12085514246158,28.75,278.75,2021-01-01
13777,-9.031529999999975,61364,2014,18.863253301954444,41.25,271.25,2014-01-01
5823,10.482450000000028,30025,2012,49.91811198978756,33.75,276.25,2012-01-01
7909,22.13937500000003,32751,2017,144.0126391817368,28.75,278.75,2017-01-01
14783,16.178870000000018,68138,2012,56.96474072359381,41.25,263.75,2012-01-01
16852,16.010050000000007,83702,2013,183.20750141885947,43.75,243.75,2013-01-01
10935,12.17198000000002,44202,2017,118.26192739890885,41.25,278.75,2017-01-01
11388,3.6396400000000426,45101,2017,55.42363743817735,38.75,276.25,2017-01-01
18043,18.95718500000001,92236,2020,168.57666858814343,33.75,243.75,2020-01-01
6719,22.697882500000006,32708,2013,97.19563176076078,28.75,278.75,2013-01-01
11017,21.180660000000046,44255,2018,112.32921975756517,41.25,278.75,2018-01-01
7178,24.825340000000022,32730,2014,83.2684504882888,28.75,278.75,2014-01-01
15215,15.444495000000018,68022,2015,112.20615865849537,41.25,263.75,2015-01-01
18166,9.433500000000038,93927,2018,187.77833102726984,36.25,238.75,2018-01-01
19727,8.77615000000003,95678,2019,232.49795778423766,38.75,238.75,2019-01-01
17475,23.165600000000023,92201,2012,111.84480513423584,33.75,243.75,2012-01-01
9993,14.151856666666694,37087,2019,142.76922287398847,36.25,273.75,2019-01-01
2731,5.424400000000048,10514,2021,325.43064834619656,41.25,286.25,2021-01-01
1866,7.474500000000035,10547,2018,214.5843697986781,41.25,286.25,2018-01-01
14913,4.368840000000034,68135,2013,68.20102430433572,41.25,263.75,2013-01-01
8245,17.746000000000038,32746,2018,147.9355423397732,28.75,278.75,2018-01-01
15676,-4.2554700000000025,68007,2019,132.8850887274957,41.25,263.75,2019-01-01
10244,2.6115400000000477,37866,2015,109.33836950897424,36.25,276.25,2015-01-01
19978,14.756500000000045,95677,2020,245.3758475489883,38.75,238.75,2020-01-01
5447,21.771157500000015,29582,2012,114.29616270305262,33.75,281.25,2012-01-01
16778,10.218070000000012,83714,2012,116.13273409887728,43.75,243.75,2012-01-01
17533,20.16995000000003,92236,2013,101.67651234072552,33.75,243.75,2013-01-01
8246,17.681530000000038,32750,2018,136.80913176260938,28.75,278.75,2018-01-01
7536,22.2269,32719,2015,101.37080555415379,28.75,278.75,2015-01-01
6285,15.318380000000028,30655,2020,119.53133542507618,33.75,276.25,2020-01-01
1601,12.200675000000047,10504,2017,290.57556732367,41.25,286.25,2017-01-01
10577,24.055470000000014,44240,2012,47.78976335514675,41.25,278.75,2012-01-01
17768,21.267650000000003,92253,2016,203.63444575162808,33.75,243.75,2016-01-01
1851,7.447020000000028,10504,2018,303.6746122435746,41.25,286.25,2018-01-01
3415,21.469960000000015,21665,2012,129.0602748116014,38.75,283.75,2012-01-01
18160,12.77665333333338,93927,2017,180.64376167934105,36.25,238.75,2017-01-01
17887,16.81522000000001,92236,2018,148.38817738032077,33.75,243.75,2018-01-01
18237,11.833043333333364,95841,2012,116.36276911105581,38.75,238.75,2012-01-01
2100,0.46365000000002965,10501,2019,228.42119464611693,41.25,286.25,2019-01-01
7524,22.08853000000002,32707,2015,104.45049711814775,28.75,278.75,2015-01-01
18759,25.07916,95841,2014,139.41290288881945,38.75,238.75,2014-01-01
15230,19.906870000000026,68118,2015,82.1934050631092,41.25,263.75,2015-01-01
10301,21.17394500000003,37721,2016,94.6803411209876,36.25,276.25,2016-01-01
15075,10.257280000000014,68116,2014,82.51856324596663,41.25,263.75,2014-01-01
17541,23.400000000000034,92201,2013,121.77095070345636,33.75,243.75,2013-01-01
11470,13.078640000000007,45167,2019,89.86187835913427,38.75,276.25,2019-01-01
4172,24.138400000000047,21662,2018,286.60709266916786,38.75,283.75,2018-01-01
14519,14.659340000000029,63383,2020,136.43254816828866,38.75,268.75,2020-01-01
4780,25.607140000000015,27509,2018,110.91072337511835,36.25,281.25,2018-01-01
14909,9.627190000000022,68069,2013,97.10834396667259,41.25,263.75,2013-01-01
13925,23.806115000000005,61341,2016,67.68774372566367,41.25,271.25,2016-01-01
17205,18.641732500000018,83616,2018,175.71016778161555,43.75,243.75,2018-01-01
14959,9.211175000000026,68138,2013,70.84668253966052,41.25,263.75,2013-01-01
1536,12.893380000000036,10536,2017,254.53747530077192,41.25,286.25,2017-01-01
6104,19.011503333333376,30054,2017,88.91449453511622,33.75,276.25,2017-01-01
15264,14.622325000000018,68130,2015,92.61915260214528,41.25,263.75,2015-01-01
7778,27.898979999999995,32750,2016,120.65848468517214,28.75,278.75,2016-01-01
17488,17.200230000000015,92203,2012,110.66124745205862,33.75,243.75,2012-01-01
17841,22.260003333333373,92201,2017,159.45626540957335,33.75,243.75,2017-01-01
16328,25.764950000000027,74063,2018,105.61539028575639,36.25,263.75,2018-01-01
19525,12.308500000000038,95661,2018,229.9009007479072,38.75,238.75,2018-01-01
18953,23.379950000000008,95678,2015,201.5868675656681,38.75,238.75,2015-01-01
14844,16.182637500000013,68116,2012,64.20498760615568,41.25,263.75,2012-01-01
20195,16.366240000000005,95678,2021,253.64854620061487,38.75,238.75,2021-01-01
8922,25.674915000000027,32750,2020,156.87339333208297,28.75,278.75,2020-01-01
19281,19.759060000000034,95841,2017,164.37236454209463,38.75,238.75,2017-01-01
11096,18.178410000000024,44266,2019,105.61711465282964,41.25,278.75,2019-01-01
1394,10.984364999999997,10570,2016,281.2781842551582,41.25,286.25,2016-01-01
18134,14.698920000000015,93927,2015,162.09913544277362,36.25,238.75,2015-01-01
17737,18.28814,92236,2016,126.06752486797538,33.75,243.75,2016-01-01
17139,3.527300000000025,83616,2017,162.00913630144316,43.75,243.75,2017-01-01
20175,12.049400000000048,95663,2021,311.3096867733208,38.75,238.75,2021-01-01
18301,24.242970000000014,95661,2012,177.99411761933865,38.75,238.75,2012-01-01
2761,10.616240000000005,10536,2021,291.2162360233929,41.25,286.25,2021-01-01
5750,16.689510000000013,29582,2020,192.76978674626915,33.75,281.25,2020-01-01
15550,6.0117433333333565,68130,2018,117.83743765294419,41.25,263.75,2018-01-01
10717,11.413280000000015,44255,2014,73.16072484036636,41.25,278.75,2014-01-01
19237,13.587600000000009,95661,2016,218.16767946224837,38.75,238.75,2016-01-01
10632,8.852869999999996,44241,2013,64.7299357151745,41.25,278.75,2013-01-01
17636,10.84838000000002,92253,2014,185.16010258726536,33.75,243.75,2014-01-01
6316,8.438900000000046,30656,2021,128.98411359444313,33.75,276.25,2021-01-01
5388,13.506705000000025,28697,2020,114.69822028966772,36.25,278.75,2020-01-01
7134,27.027980000000014,32707,2014,97.39616996381986,28.75,278.75,2014-01-01
18454,13.551320000000032,95842,2013,145.3403890550546,38.75,238.75,2013-01-01
13845,11.830070000000035,61341,2015,53.42382477692226,41.25,271.25,2015-01-01
3272,23.149069999999995,13145,2016,65.93350529990487,43.75,283.75,2016-01-01
14324,15.455070000000035,63383,2015,86.00621617403486,38.75,268.75,2015-01-01
1226,14.517563333333365,10504,2016,281.7663981165535,41.25,286.25,2016-01-01
18559,17.878620000000012,95747,2013,181.63467517056233,38.75,238.75,2013-01-01
13805,22.89166,61341,2014,49.10282250614456,41.25,271.25,2014-01-01
17370,10.116610000000023,83704,2020,166.06121248487403,43.75,243.75,2020-01-01
10461,20.74918500000001,37721,2019,123.10642620221073,36.25,276.25,2019-01-01
14036,13.941810000000032,61350,2018,97.60955589247659,41.25,271.25,2018-01-01
19566,19.98852000000005,95746,2018,264.3867377478528,38.75,238.75,2018-01-01
5540,18.96293000000003,29582,2014,134.79300662023667,33.75,281.25,2014-01-01
17808,18.91494,92211,2017,187.95251851354948,33.75,243.75,2017-01-01
10071,19.392496666666677,37087,2020,154.75715303946143,36.25,273.75,2020-01-01
10974,-4.701419999999985,44241,2018,108.92794172477319,41.25,278.75,2018-01-01
4819,22.526835000000034,27509,2019,122.42133934397462,36.25,281.25,2019-01-01
18940,15.987025000000017,95842,2015,163.6175840067587,38.75,238.75,2015-01-01
16951,13.01994000000002,83713,2014,117.78142297476387,43.75,243.75,2014-01-01
18764,23.840480000000014,95610,2014,170.17026402114067,38.75,238.75,2014-01-01
19774,14.228995000000026,95628,2019,232.6174724809121,38.75,238.75,2019-01-01
2413,10.502700000000033,10541,2020,210.78458436978138,41.25,286.25,2020-01-01
4118,6.652165000000025,21663,2018,219.89631989895554,38.75,283.75,2018-01-01
10845,13.546260000000018,44202,2016,111.92926429873644,41.25,278.75,2016-01-01
19595,18.32838000000001,95630,2018,251.0965968750224,38.75,238.75,2018-01-01
15951,-8.873599999999954,68007,2021,152.18032040345625,41.25,263.75,2021-01-01
17778,12.661715000000015,92211,2016,183.44335366884317,33.75,243.75,2016-01-01
13956,4.353415000000041,61350,2017,84.67677919918161,41.25,271.25,2017-01-01
17409,1.2201500000000465,83616,2021,198.8489504473348,43.75,243.75,2021-01-01
8773,19.071300000000008,32708,2019,157.42655065605223,28.75,278.75,2019-01-01
16157,14.560294999999996,74063,2013,55.82271906807633,36.25,263.75,2013-01-01
8845,16.677130000000005,32751,2020,172.62495049024668,28.75,278.75,2020-01-01
10797,20.298429999999996,44202,2015,103.58874874866322,41.25,278.75,2015-01-01
18805,13.583920000000035,95661,2014,199.28242957507962,38.75,238.75,2014-01-01
19136,15.268875000000037,95765,2016,195.2570087701086,38.75,238.75,2016-01-01
14662,8.44991333333337,64093,2017,90.86838158670412,38.75,266.25,2017-01-01
13418,-11.873599999999954,55919,2021,144.02989666288488,43.75,268.75,2021-01-01
5984,16.876670000000004,30054,2015,67.70239080183518,33.75,276.25,2015-01-01
19189,24.963160000000016,95747,2016,209.18736597941333,38.75,238.75,2016-01-01
17640,17.845243333333354,92211,2015,167.86714614816643,33.75,243.75,2015-01-01
10489,15.433740000000029,37721,2020,130.2318457775457,36.25,276.25,2020-01-01
18954,25.492395000000016,95746,2015,237.96481599243313,38.75,238.75,2015-01-01
16781,12.345100000000002,83703,2012,131.83384672462103,43.75,243.75,2012-01-01
15603,18.296880000000044,68116,2018,119.54377291899789,41.25,263.75,2018-01-01
2741,5.424400000000048,10547,2021,241.98890847819354,41.25,286.25,2021-01-01
5815,17.627620000000036,30655,2012,49.22968734859518,33.75,276.25,2012-01-01
10213,25.242639999999994,37721,2014,76.05445818959586,36.25,276.25,2014-01-01
18495,20.838530000000034,95621,2013,155.50377055987474,38.75,238.75,2013-01-01
13972,11.683303333333376,61364,2017,51.94904928225304,41.25,271.25,2017-01-01
17536,19.534680000000016,92203,2013,118.5369600785983,33.75,243.75,2013-01-01
6018,15.587336666666696,30025,2016,82.11566937917551,33.75,276.25,2016-01-01
15591,20.67602000000005,68069,2018,144.61018455647888,41.25,263.75,2018-01-01
3886,13.134730000000047,21662,2016,264.5999824058211,38.75,283.75,2016-01-01
5455,28.555470000000014,29572,2012,113.51418631628474,33.75,281.25,2012-01-01
2601,6.419542500000034,10504,2020,321.10637232252066,41.25,286.25,2020-01-01
8192,22.03766333333336,32730,2018,118.10338162962573,28.75,278.75,2018-01-01
19315,17.59537000000004,95747,2017,214.14455859773804,38.75,238.75,2017-01-01
20016,24.032219999999995,95746,2020,284.89974135251555,38.75,238.75,2020-01-01
20184,16.366240000000005,95608,2021,247.04269055225168,38.75,238.75,2021-01-01
16791,15.252815000000027,83616,2012,117.18497982808377,43.75,243.75,2012-01-01
12838,7.160600000000045,54971,2020,103.31964027749925,43.75,271.25,2020-01-01
18366,13.036220000000014,95608,2012,167.51175054612463,38.75,238.75,2012-01-01
9156,18.595150000000046,32750,2021,160.88685274516726,28.75,278.75,2021-01-01
20180,12.049400000000048,95765,2021,242.1692444506195,38.75,238.75,2021-01-01
19023,13.888145000000037,95663,2015,258.4450375204725,38.75,238.75,2015-01-01
14102,18.198710000000034,61364,2019,74.57578782147176,41.25,271.25,2019-01-01
11033,2.566490000000016,44240,2018,101.84062116509082,41.25,278.75,2018-01-01
5526,19.425370000000022,29566,2014,82.59191310969577,33.75,281.25,2014-01-01
16395,26.000969999999995,74054,2020,179.43061471844698,36.25,263.75,2020-01-01
15063,13.345176666666683,68069,2014,109.00102121506251,41.25,263.75,2014-01-01
18947,25.692769999999996,95630,2015,225.72854043429675,38.75,238.75,2015-01-01
5951,6.236540000000048,30656,2015,71.10113236490962,33.75,276.25,2015-01-01
12478,15.118280000000027,54971,2015,56.09526787880275,43.75,271.25,2015-01-01
1648,18.00416500000003,10589,2017,255.00321599537702,41.25,286.25,2017-01-01
13841,7.296365000000037,61350,2015,66.74566898702255,41.25,271.25,2015-01-01
10943,11.575365000000033,44240,2017,92.60657879966394,41.25,278.75,2017-01-01
2611,15.783470000000023,10536,2020,287.2163654122991,41.25,286.25,2020-01-01
2755,8.020320000000027,10510,2021,288.6938463288831,41.25,286.25,2021-01-01
17147,7.448276666666705,83703,2017,183.0457664335058,43.75,243.75,2017-01-01
10706,9.745885000000015,44266,2014,54.863743518020755,41.25,278.75,2014-01-01
5770,13.141005000000007,29572,2021,193.48224104150944,33.75,281.25,2021-01-01
13296,3.141046666666701,54601,2019,114.81041278346164,43.75,268.75,2019-01-01
1644,13.523690000000045,10570,2017,290.08723708651416,41.25,286.25,2017-01-01
4665,15.798820000000035,27503,2015,93.37394442131088,36.25,281.25,2015-01-01
7854,23.447886666666705,32730,2016,102.25715908966195,28.75,278.75,2016-01-01
1105,11.97338000000002,10510,2015,238.10518729924377,41.25,286.25,2015-01-01
9160,18.595150000000046,32773,2021,142.35187326779393,28.75,278.75,2021-01-01
9596,11.751225000000034,37090,2014,99.64391776822305,36.25,273.75,2014-01-01
4710,27.492819999999995,27503,2016,107.12891318102274,36.25,281.25,2016-01-01
19673,13.015800000000013,95678,2018,231.13670488178292,38.75,238.75,2018-01-01
15424,6.982270000000047,68022,2017,126.24096577529296,41.25,263.75,2017-01-01
10447,15.828640000000007,37807,2019,109.63759536028046,36.25,276.25,2019-01-01
17391,13.183870000000013,83616,2020,197.1986366530415,43.75,243.75,2020-01-01
13852,10.994043333333346,61364,2015,32.41513730377791,41.25,271.25,2015-01-01
3651,25.123199999999997,21647,2014,204.00846599664698,38.75,283.75,2014-01-01
2693,-0.11547999999999092,10562,2021,246.94476230503707,41.25,286.25,2021-01-01
1742,8.453050000000019,10549,2017,246.9819441250523,41.25,286.25,2017-01-01
17423,9.710000000000036,83703,2021,216.19948583307695,43.75,243.75,2021-01-01
5557,16.37728666666669,29572,2015,137.37420276590458,33.75,281.25,2015-01-01
13766,-3.5431449999999813,61350,2013,49.94037737923651,41.25,271.25,2013-01-01
17951,20.494700000000023,92210,2019,265.60356870961783,33.75,243.75,2019-01-01
10906,11.705675000000042,44234,2017,109.11569866274601,41.25,278.75,2017-01-01
11030,4.52287666666668,44266,2018,95.91102855769225,41.25,278.75,2018-01-01
19598,26.045680000000004,95662,2018,230.5416989973744,38.75,238.75,2018-01-01
6279,24.085550000000012,30054,2020,117.16871509157698,33.75,276.25,2020-01-01
11053,-0.6925999999999704,44255,2019,113.8819504409402,41.25,278.75,2019-01-01
6073,12.74935000000005,30025,2017,89.13159474351951,33.75,276.25,2017-01-01
5587,15.66301500000003,29572,2016,149.9025739295132,33.75,281.25,2016-01-01
13242,11.192195000000027,54603,2018,94.69692496371675,43.75,268.75,2018-01-01
14814,23.65127000000001,68135,2012,62.34147333535515,41.25,263.75,2012-01-01
5809,16.835105000000027,30054,2012,40.18648055888634,33.75,276.25,2012-01-01
15443,10.034476666666686,68138,2017,105.5766972799533,41.25,263.75,2017-01-01
8097,23.263263333333366,32708,2017,133.8117868655294,28.75,278.75,2017-01-01
10894,-1.1079199999999787,44234,2016,104.06852337512854,41.25,278.75,2016-01-01
15595,21.766556666666702,68135,2018,120.15830336316257,41.25,263.75,2018-01-01
7055,22.335155000000015,32701,2014,80.58684610561173,28.75,278.75,2014-01-01
1923,11.732740000000035,10589,2018,262.58762098927633,41.25,286.25,2018-01-01
17472,19.950543333333354,92211,2012,144.5825984358083,33.75,243.75,2012-01-01
1442,13.158424000000036,10549,2016,236.8877959475305,41.25,286.25,2016-01-01
19409,19.83996000000002,95843,2017,189.81531324531375,38.75,238.75,2017-01-01
9382,17.97204000000002,35953,2019,106.10791772101356,33.75,273.75,2019-01-01
7836,23.652346666666688,32707,2016,115.06484553790928,28.75,278.75,2016-01-01
13670,10.27267500000002,61341,2012,24.506594048817618,41.25,271.25,2012-01-01
6171,19.86402000000004,30656,2018,106.05032737371391,33.75,276.25,2018-01-01
3806,23.075680000000034,21652,2015,140.7948528238895,38.75,283.75,2015-01-01
19446,13.486660000000029,95608,2017,215.02970462883252,38.75,238.75,2017-01-01
18484,20.368460000000027,95677,2013,180.99821621874182,38.75,238.75,2013-01-01
5621,20.48693000000003,29582,2017,159.95407137509451,33.75,281.25,2017-01-01
6352,19.04400000000004,32773,2012,56.743186080460575,28.75,278.75,2012-01-01
13412,-5.896729999999991,54603,2021,119.0369803679676,43.75,268.75,2021-01-01
14652,22.273979999999995,64093,2016,86.30112413614508,38.75,266.25,2016-01-01
7366,26.09650000000005,32773,2015,88.50408759266573,28.75,278.75,2015-01-01
14831,21.766236666666675,68064,2012,68.89195789595497,41.25,263.75,2012-01-01
10757,8.627783333333355,44240,2015,74.33607640537588,41.25,278.75,2015-01-01
2509,21.313469999999995,10527,2020,237.5408054122342,41.25,286.25,2020-01-01
17889,29.233180000000004,92201,2018,167.91763278801776,33.75,243.75,2018-01-01
1503,3.5618500000000495,10506,2017,254.01092427465096,41.25,286.25,2017-01-01
13327,9.697945000000033,54603,2019,108.68320541807577,43.75,268.75,2019-01-01
16304,11.486660000000029,74063,2017,96.98837072792367,36.25,263.75,2017-01-01
15056,14.47306500000002,68135,2014,80.91600059988511,41.25,263.75,2014-01-01
18963,19.511269999999996,95621,2015,174.4193560359011,38.75,238.75,2015-01-01
2698,-0.11547999999999092,10589,2021,287.7115271869234,41.25,286.25,2021-01-01
15447,8.662015000000025,68064,2017,112.41764528191165,41.25,263.75,2017-01-01
10956,13.373160000000041,44241,2017,108.89994961933238,41.25,278.75,2017-01-01
19458,21.48931333333337,95746,2017,257.91031304343716,38.75,238.75,2017-01-01
18563,22.618740000000003,95843,2013,151.94576048024828,38.75,238.75,2013-01-01
18732,26.966940000000022,95650,2014,243.0508025571115,38.75,238.75,2014-01-01
4525,2.7514000000000465,21663,2021,247.5871296424504,38.75,283.75,2021-01-01
14713,14.078640000000007,64019,2019,102.9342781493003,38.75,266.25,2019-01-01
13383,23.794370000000015,55919,2020,142.19047656043801,43.75,268.75,2020-01-01
7031,24.68239833333335,32708,2014,105.29208822159245,28.75,278.75,2014-01-01
8743,21.031840000000017,32771,2019,136.55711260975818,28.75,278.75,2019-01-01
4138,5.683500000000038,21654,2018,256.2984551453163,38.75,283.75,2018-01-01
17040,-0.9918599999999742,83704,2015,124.22538483345046,43.75,243.75,2015-01-01
8817,17.6019,32746,2020,165.6113535383821,28.75,278.75,2020-01-01
2542,14.97918500000002,10549,2020,275.49931778220576,41.25,286.25,2020-01-01
9387,23.730430000000013,35131,2019,90.23534754350405,33.75,273.75,2019-01-01
3882,20.08019500000003,21647,2016,221.62452373247157,38.75,283.75,2016-01-01
13367,7.100800000000049,54603,2020,112.70140501529801,43.75,268.75,2020-01-01
1143,9.38372000000004,10562,2015,199.19956254738116,41.25,286.25,2015-01-01
18967,21.095500000000015,95661,2015,205.10676182426755,38.75,238.75,2015-01-01
16508,17.31025500000004,75476,2018,106.46938502623678,33.75,263.75,2018-01-01
9184,20.51815000000005,32765,2021,174.6804969541948,28.75,278.75,2021-01-01
18636,11.752175000000022,95608,2014,182.8085487370742,38.75,238.75,2014-01-01
14774,10.803595000000016,68007,2012,72.65720866434258,41.25,263.75,2012-01-01
8303,27.732140000000015,32701,2018,116.91807633894862,28.75,278.75,2018-01-01
4823,21.822565000000026,27581,2019,143.05315821148417,36.25,281.25,2019-01-01
17988,14.007400000000018,92211,2019,211.88423198460555,33.75,243.75,2019-01-01
13466,-9.075959999999952,56450,2015,93.18013561253557,46.25,266.25,2015-01-01
18111,15.470394999999996,93927,2013,143.7296877253965,36.25,238.75,2013-01-01
4495,9.294440000000009,21676,2020,310.1034286743774,38.75,283.75,2020-01-01
3308,18.248100000000022,13145,2019,92.86967248137856,43.75,283.75,2019-01-01
16482,29.400660000000016,75476,2016,90.23717939778986,33.75,263.75,2016-01-01
18235,11.70016000000004,95747,2012,164.99395323708484,38.75,238.75,2012-01-01
17322,3.41366000000005,83704,2019,162.21501248573733,43.75,243.75,2019-01-01
4741,20.133700000000033,27509,2017,99.82623388879124,36.25,281.25,2017-01-01
12744,23.515770000000032,53919,2019,100.68378578913124,43.75,271.25,2019-01-01
15205,22.260770000000036,68064,2015,97.06705648092637,41.25,263.75,2015-01-01
3460,14.106450000000024,21671,2013,134.6158855402424,38.75,283.75,2013-01-01
13781,0.021800000000041564,61350,2014,56.25995420924184,41.25,271.25,2014-01-01
15533,7.201180000000022,68007,2017,121.00364948127458,41.25,263.75,2017-01-01
15318,12.197230000000047,68118,2016,87.71103894846351,41.25,263.75,2016-01-01
5944,9.69213000000002,30054,2014,63.66795214996105,33.75,276.25,2014-01-01
13740,11.479505000000046,61341,2013,35.601136803253844,41.25,271.25,2013-01-01
6129,4.579830000000015,30054,2018,92.28541595770757,33.75,276.25,2018-01-01
4028,18.258700000000033,21654,2017,249.78262262680482,38.75,283.75,2017-01-01
15442,8.662015000000025,68136,2017,113.41487939259976,41.25,263.75,2017-01-01
15694,-7.41134999999997,68135,2019,122.57387243331245,41.25,263.75,2019-01-01
4883,15.022500000000036,27581,2021,156.60150448585696,36.25,281.25,2021-01-01
16424,12.361900000000048,74063,2021,127.98287549608511,36.25,263.75,2021-01-01
16205,15.966763333333347,74063,2015,73.3681850823274,36.25,263.75,2015-01-01
16517,28.734520000000032,75476,2019,117.67341062092228,33.75,263.75,2019-01-01
18095,11.311820000000012,93927,2012,131.8958623561723,36.25,238.75,2012-01-01
17667,24.479520000000036,92201,2015,137.86981066955164,33.75,243.75,2015-01-01
19307,19.289115000000038,95630,2017,241.7029598225177,38.75,238.75,2017-01-01
17692,16.89000000000003,92203,2015,138.5254887709088,33.75,243.75,2015-01-01
6165,15.320893333333364,30655,2018,101.0055323798452,33.75,276.25,2018-01-01
4598,13.597229999999996,27581,2013,84.08544806136027,36.25,281.25,2013-01-01
1967,24.53335000000004,10549,2018,258.45054807432297,41.25,286.25,2018-01-01
8739,26.600400000000036,32746,2019,164.74785606107918,28.75,278.75,2019-01-01
15929,11.582190000000026,68007,2020,151.46216618911387,41.25,263.75,2020-01-01
13429,9.085000000000036,55941,2021,140.3445558932986,43.75,268.75,2021-01-01
7727,29.336569999999995,32751,2016,136.20426618849697,28.75,278.75,2016-01-01
20031,25.138120000000015,95663,2020,306.8511495371992,38.75,238.75,2020-01-01
4726,12.73073500000001,27509,2016,92.6164156161952,36.25,281.25,2016-01-01
6026,17.228480000000047,30656,2016,83.79617950340656,33.75,276.25,2016-01-01
5890,15.785450000000026,30655,2014,63.451312761581086,33.75,276.25,2014-01-01
19232,11.871725000000026,95610,2016,185.22237051071215,38.75,238.75,2016-01-01
16788,16.99502000000001,83704,2012,92.62505810610793,43.75,243.75,2012-01-01
16924,14.045500000000004,83702,2014,191.9638658279243,43.75,243.75,2014-01-01
15006,-3.518349999999979,68022,2013,87.92133594381687,41.25,263.75,2013-01-01
17369,20.007045000000005,83703,2020,210.16811186364208,43.75,243.75,2020-01-01
18206,17.502860000000027,95610,2012,146.39990761364595,38.75,238.75,2012-01-01
20200,13.886945000000026,95842,2021,217.8833232961277,38.75,238.75,2021-01-01
3667,23.45416,21663,2014,188.5152657037189,38.75,283.75,2014-01-01
19849,23.446470000000033,95661,2019,246.32691692929222,38.75,238.75,2019-01-01
5400,18.155700000000024,28649,2020,145.75868788588426,36.25,278.75,2020-01-01
17520,19.868460000000027,92211,2013,149.93544890631736,33.75,243.75,2013-01-01
19090,14.30093000000005,95628,2016,199.29704099795873,38.75,238.75,2016-01-01
2106,0.46365000000002965,10514,2019,305.3528594358572,41.25,286.25,2019-01-01
11075,19.233330000000024,44240,2019,112.85680248144362,41.25,278.75,2019-01-01
12551,11.948820000000012,54974,2016,79.54045871429436,43.75,271.25,2016-01-01
17866,15.461010000000044,92203,2018,163.87131321311318,33.75,243.75,2018-01-01
14106,19.075080000000014,61350,2019,108.72421093969781,41.25,271.25,2019-01-01
14393,16.650463333333374,63383,2017,107.48396113814012,38.75,268.75,2017-01-01
4865,17.223100000000045,27581,2020,152.98615468669794,36.25,281.25,2020-01-01
7745,29.009235000000018,32719,2016,108.35293382962524,28.75,278.75,2016-01-01
17178,2.033915000000036,83704,2017,143.29707894857256,43.75,243.75,2017-01-01
14037,11.737100000000027,61364,2018,64.63864440217066,41.25,271.25,2018-01-01
19672,13.015800000000013,95677,2018,233.24937697666255,38.75,238.75,2018-01-01
19309,14.332480000000032,95661,2017,220.5347368104617,38.75,238.75,2017-01-01
20161,11.407650000000046,95747,2021,249.8905084925105,38.75,238.75,2021-01-01
18214,17.86271000000002,95677,2012,171.57578181043095,38.75,238.75,2012-01-01
19061,10.155850000000044,95678,2016,203.48416377620163,38.75,238.75,2016-01-01
18998,21.06713000000002,95610,2015,180.10277089695902,38.75,238.75,2015-01-01
2602,12.973100000000045,10505,2020,211.1144562862369,41.25,286.25,2020-01-01
18044,27.59730000000002,92253,2020,241.0299101078467,33.75,243.75,2020-01-01
18083,11.643150000000048,92210,2021,280.0070482479632,33.75,243.75,2021-01-01
2569,15.805576666666695,10570,2020,319.60945698815505,41.25,286.25,2020-01-01
20056,27.00356000000005,95842,2020,214.491449027872,38.75,238.75,2020-01-01
4593,15.384119999999996,27503,2013,74.41696915411892,36.25,281.25,2013-01-01
19406,26.19326000000001,95765,2017,210.29757857082896,38.75,238.75,2017-01-01
18561,22.618740000000003,95841,2013,130.6062421550222,38.75,238.75,2013-01-01
1297,19.98502000000002,10588,2016,204.56494014124144,41.25,286.25,2016-01-01
2717,-1.1548499999999535,10549,2021,279.17831229421597,41.25,286.25,2021-01-01
2738,2.6544600000000287,10541,2021,216.38786345919954,41.25,286.25,2021-01-01
15134,0.9589200000000346,68136,2014,91.04145478528696,41.25,263.75,2014-01-01
6210,24.074180000000013,30655,2019,111.51735495015632,33.75,276.25,2019-01-01
15944,-1.677979999999991,68116,2021,142.69073590580595,41.25,263.75,2021-01-01
2128,3.051020000000051,10506,2019,273.73335236791115,41.25,286.25,2019-01-01
19751,14.815036666666705,95843,2019,205.3736222194825,38.75,238.75,2019-01-01
18203,9.989075000000042,93927,2021,216.806630993657,36.25,238.75,2021-01-01
17064,11.08865000000003,83704,2016,130.94955640975462,43.75,243.75,2016-01-01
13071,15.409000000000049,54601,2015,76.54371434941059,43.75,268.75,2015-01-01
16922,8.605650000000026,83714,2014,134.86682460527086,43.75,243.75,2014-01-01
17416,5.486900000000048,83702,2021,255.944523836715,43.75,243.75,2021-01-01
5166,15.011320000000012,28651,2016,86.6633864285515,36.25,278.75,2016-01-01
18225,18.33141500000002,95621,2012,146.02220087119852,38.75,238.75,2012-01-01
17302,14.87011000000003,83702,2019,240.39979910490115,43.75,243.75,2019-01-01
5396,17.11250000000003,28651,2020,121.8611585824522,36.25,278.75,2020-01-01
1224,11.141685000000024,10598,2016,216.18956025234823,41.25,286.25,2016-01-01
11196,-4.5298499999999535,44241,2021,138.07655561763266,41.25,278.75,2021-01-01
5853,22.55692000000002,30025,2013,55.089090085023805,33.75,276.25,2013-01-01
5143,15.975639999999999,28697,2016,74.9657902903511,36.25,278.75,2016-01-01
10737,11.29122000000001,44202,2014,94.73962658705568,41.25,278.75,2014-01-01
9906,25.97085000000004,37121,2018,149.02429680444186,36.25,273.75,2018-01-01
13070,7.435020000000037,55947,2015,87.32312234791874,43.75,268.75,2015-01-01
20181,14.207820000000027,95841,2021,200.41812082169247,38.75,238.75,2021-01-01
17885,23.607140000000015,92210,2018,255.48901949591527,33.75,243.75,2018-01-01
19486,10.611080000000015,95628,2018,216.76964762601784,38.75,238.75,2018-01-01
17273,11.430140000000032,83703,2019,199.05956067306138,43.75,243.75,2019-01-01
3201,-2.714179999999999,12817,2020,160.07544031169613,43.75,286.25,2020-01-01
7677,25.13190000000003,32771,2016,107.74395023558861,28.75,278.75,2016-01-01
6817,26.015400000000014,32751,2013,108.16773367815549,28.75,278.75,2013-01-01
6010,16.231610000000046,30655,2016,81.35732469147466,33.75,276.25,2016-01-01
17978,20.494700000000023,92253,2019,229.67793832967718,33.75,243.75,2019-01-01
17537,17.929575,92210,2013,210.86077761960058,33.75,243.75,2013-01-01
3327,-4.7173499999999535,13145,2021,106.36177144249484,43.75,283.75,2021-01-01
8172,19.28391000000002,32773,2017,112.46209796236175,28.75,278.75,2017-01-01
2126,3.051020000000051,10504,2019,307.7317463732332,41.25,286.25,2019-01-01
7080,27.98902000000001,32773,2014,81.28471088269524,28.75,278.75,2014-01-01
13436,23.492970000000014,56450,2012,72.8571520147301,46.25,266.25,2012-01-01
6005,13.883140000000026,30655,2015,78.46220213285451,33.75,276.25,2015-01-01
17276,4.082270000000051,83714,2019,181.21317621977772,43.75,243.75,2019-01-01
1473,1.8295800000000213,10589,2016,249.25081225672756,41.25,286.25,2016-01-01
5936,18.60372000000001,30656,2014,70.47215947398522,33.75,276.25,2014-01-01
14370,26.025660000000016,63014,2016,146.75539699267236,38.75,268.75,2016-01-01
15736,22.608330000000024,68118,2019,119.20871607803998,41.25,263.75,2019-01-01
8148,17.862420000000043,32707,2017,126.98883862494931,28.75,278.75,2017-01-01
19961,12.529600000000045,95678,2020,242.69997152302625,38.75,238.75,2020-01-01
2504,21.313469999999995,10507,2020,289.1403657503024,41.25,286.25,2020-01-01
4535,9.705650000000048,21662,2021,310.91056306654076,38.75,283.75,2021-01-01
20101,12.333720000000028,95661,2020,252.61460342888756,38.75,238.75,2020-01-01
19981,21.89593000000005,95747,2020,244.8908800235027,38.75,238.75,2020-01-01
15051,10.730650000000026,68064,2014,84.4513052336792,41.25,263.75,2014-01-01
16831,-6.968759999999975,83713,2013,101.87647076489168,43.75,243.75,2013-01-01
13430,9.085000000000036,55947,2021,141.3352597082211,43.75,268.75,2021-01-01
12752,20.107230000000015,53963,2019,99.29293181370161,43.75,271.25,2019-01-01
19253,8.298330000000021,95630,2016,237.49826935836234,38.75,238.75,2016-01-01
19842,23.446470000000033,95608,2019,233.7138932210471,38.75,238.75,2019-01-01
18080,11.501400000000046,92253,2021,243.41232952735322,33.75,243.75,2021-01-01
14578,24.337900000000047,64093,2013,57.07834018393385,38.75,266.25,2013-01-01
20102,19.05979666666667,95662,2020,248.93813543472615,38.75,238.75,2020-01-01
18583,13.138500000000022,95609,2013,166.2031842596988,38.75,238.75,2013-01-01
12676,15.491345000000024,54971,2018,83.7893766761585,43.75,271.25,2018-01-01
19855,23.446470000000033,95747,2019,238.49371323574337,38.75,238.75,2019-01-01
18353,18.846370000000036,95630,2012,199.30427571942997,38.75,238.75,2012-01-01
14757,-2.2601649999999722,64019,2021,118.71519812675879,38.75,266.25,2021-01-01
15116,6.038550000000015,68022,2014,103.41009970805457,41.25,263.75,2014-01-01
15974,9.160945000000027,68022,2021,163.55579938628114,41.25,263.75,2021-01-01
15869,25.000969999999995,68130,2020,137.8478259157222,41.25,263.75,2020-01-01
9133,15.322020000000009,32771,2021,151.26250095570288,28.75,278.75,2021-01-01
19743,12.551020000000051,95663,2019,292.3633978892949,38.75,238.75,2019-01-01
17941,19.50214500000004,92236,2019,154.7598677593886,33.75,243.75,2019-01-01
5598,28.743615000000005,29566,2016,104.06596718263887,33.75,281.25,2016-01-01
10241,7.0913800000000435,37721,2015,83.95388400887282,36.25,276.25,2015-01-01
10629,12.470034999999996,44202,2013,80.17770786704463,41.25,278.75,2013-01-01
18939,25.292020000000036,95841,2015,146.84361478470035,38.75,238.75,2015-01-01
1078,21.231930000000034,10506,2015,243.0568291710811,41.25,286.25,2015-01-01
13166,-6.232919999999979,54601,2016,89.95696308696361,43.75,268.75,2016-01-01
5696,13.051020000000051,29582,2019,176.2467408679084,33.75,281.25,2019-01-01
3636,19.108000000000004,21671,2014,144.56114536894052,38.75,283.75,2014-01-01
14649,25.275660000000016,64019,2016,79.51499094976221,38.75,266.25,2016-01-01
16908,8.319485000000014,83704,2014,108.52478756088895,43.75,243.75,2014-01-01
16523,9.1019,75476,2020,120.14150146198264,33.75,263.75,2020-01-01
6244,10.16506000000004,30054,2019,111.29281512129927,33.75,276.25,2019-01-01
1844,2.9960000000000377,10570,2018,296.9751743269669,41.25,286.25,2018-01-01
14360,15.197230000000047,63383,2016,95.62074618419322,38.75,268.75,2016-01-01
20044,27.00356000000005,95628,2020,243.54670663862044,38.75,238.75,2020-01-01
8308,27.732140000000015,32715,2018,113.53923257632857,28.75,278.75,2018-01-01
18316,24.962670000000003,95628,2012,167.16945534960377,38.75,238.75,2012-01-01
19532,12.308500000000038,95765,2018,213.63388999117396,38.75,238.75,2018-01-01
12760,8.34513000000004,54971,2019,91.51662967938302,43.75,271.25,2019-01-01
5483,17.259119999999996,29582,2013,120.43587602065853,33.75,281.25,2013-01-01
13190,10.147800000000018,55947,2017,103.51680866445805,43.75,268.75,2017-01-01
6923,19.364980000000003,32771,2013,84.55711636732565,28.75,278.75,2013-01-01
15300,4.716590000000025,68138,2016,92.73897522682053,41.25,263.75,2016-01-01
13150,22.150660000000016,55947,2016,99.08849045967052,43.75,268.75,2016-01-01
4565,22.87002000000001,27581,2012,73.86055733292645,36.25,281.25,2012-01-01
17973,24.196470000000033,92201,2019,178.86104477886147,33.75,243.75,2019-01-01
13142,20.774024999999995,54603,2016,79.9872103840692,43.75,268.75,2016-01-01
3489,9.93975500000002,21654,2013,209.63762111242028,38.75,283.75,2013-01-01
18450,13.964140000000043,95746,2013,214.58190033956518,38.75,238.75,2013-01-01
5718,19.24256500000004,29566,2019,133.80857024792624,33.75,281.25,2019-01-01
17219,18.482140000000015,83703,2018,190.55977019019554,43.75,243.75,2018-01-01
13458,12.639250000000004,56450,2014,88.69125464244337,46.25,266.25,2014-01-01
11990,6.224500000000035,50210,2018,112.89326176922515,41.25,266.25,2018-01-01
6325,16.366240000000005,30655,2021,128.93742189229266,33.75,276.25,2021-01-01
12101,9.350400000000036,50257,2019,88.85675668683292,41.25,266.25,2019-01-01
10448,15.828640000000007,37866,2019,150.68980458325302,36.25,276.25,2019-01-01
4328,25.794730000000015,21665,2019,194.96567157811745,38.75,283.75,2019-01-01
9076,22.270440000000008,32730,2020,143.22726039328577,28.75,278.75,2020-01-01
2566,23.75356000000005,10547,2020,239.1438113200757,41.25,286.25,2020-01-01
7549,14.874600000000044,32701,2016,92.57809108097553,28.75,278.75,2016-01-01
9313,17.540980000000047,35131,2016,60.33450042228003,33.75,273.75,2016-01-01
10774,9.330070000000035,44234,2015,88.59250185559486,41.25,278.75,2015-01-01
5426,3.2826500000000465,28651,2021,125.8604218781344,36.25,278.75,2021-01-01
1947,24.295680000000004,10588,2018,224.52944346163014,41.25,286.25,2018-01-01
16997,14.596500000000049,83703,2015,160.62339102984305,43.75,243.75,2015-01-01
10613,-1.8437599999999748,44240,2013,49.66651806749081,41.25,278.75,2013-01-01
12550,11.948820000000012,54971,2016,65.82496310631734,43.75,271.25,2016-01-01
1381,20.430229999999995,10514,2016,285.04106852532595,41.25,286.25,2016-01-01
5553,18.611320000000035,29566,2015,89.96228736869875,33.75,281.25,2015-01-01
4470,20.99944000000005,21663,2020,246.13108228469824,38.75,283.75,2020-01-01
16268,13.30636000000004,74063,2016,87.66269818683327,36.25,263.75,2016-01-01
13937,14.917570000000012,61364,2016,47.19697860569178,41.25,271.25,2016-01-01
10886,12.886320000000012,44266,2016,79.73780319307811,41.25,278.75,2016-01-01
19538,16.224500000000035,95610,2018,202.60926378203578,38.75,238.75,2018-01-01
11138,7.2793700000000285,44266,2020,114.64694598277704,41.25,278.75,2020-01-01
4526,2.7514000000000465,21665,2021,206.38123301387026,38.75,283.75,2021-01-01
18178,9.488520000000051,93927,2019,197.35110109745543,36.25,238.75,2019-01-01
20156,11.407650000000046,95662,2021,253.09374781302768,38.75,238.75,2021-01-01
18530,20.90788500000002,95610,2013,157.46782667668487,38.75,238.75,2013-01-01
1393,20.430229999999995,10562,2016,208.26924903387555,41.25,286.25,2016-01-01
13696,10.783870000000036,61350,2012,44.690894798837135,41.25,271.25,2012-01-01
8558,19.70727000000005,32750,2019,142.65039096489573,28.75,278.75,2019-01-01
17571,12.780970000000025,92201,2014,123.84332139083932,33.75,243.75,2014-01-01
17579,15.146800000000042,92210,2014,213.84285724365782,33.75,243.75,2014-01-01
11198,-4.5298499999999535,44266,2021,118.44054165056212,41.25,278.75,2021-01-01
6353,21.918900000000008,32701,2012,56.3919167932969,28.75,278.75,2012-01-01
13360,8.634535000000028,55947,2020,132.60149679618254,43.75,268.75,2020-01-01
1938,24.295680000000004,10541,2018,194.4039880331922,41.25,286.25,2018-01-01
19772,18.167930000000013,95610,2019,213.11520376503472,38.75,238.75,2019-01-01
9645,2.6428000000000225,37087,2015,98.92027484113362,36.25,273.75,2015-01-01
13672,19.470100000000002,61364,2012,4.715402966193153,41.25,271.25,2012-01-01
15969,7.580650000000048,68135,2021,143.52347087367235,41.25,263.75,2021-01-01
6291,23.18694000000005,30656,2020,127.22388347232241,33.75,276.25,2020-01-01
18052,20.75436000000002,92203,2020,189.0127215964082,33.75,243.75,2020-01-01
2752,10.616240000000005,10505,2021,214.71622562860728,41.25,286.25,2021-01-01
13896,0.1634999999999991,61350,2016,74.53643428210069,41.25,271.25,2016-01-01
17102,10.761320000000012,83714,2016,159.91039694055175,43.75,243.75,2016-01-01
17918,14.453300000000013,92253,2018,222.94927473713594,33.75,243.75,2018-01-01
5849,19.899699999999996,30054,2013,49.14078065188117,33.75,276.25,2013-01-01
19228,18.230070000000012,95842,2016,177.29388775570234,38.75,238.75,2016-01-01
19367,24.245750000000044,95678,2017,218.3632643374728,38.75,238.75,2017-01-01
12009,23.920680000000004,50240,2018,116.59327772902142,41.25,266.25,2018-01-01
12810,20.782219999999995,53919,2020,108.92217472384758,43.75,271.25,2020-01-01
4757,17.37316000000004,27581,2017,124.57219949830295,36.25,281.25,2017-01-01
6874,20.794759999999997,32707,2013,88.70879954236459,28.75,278.75,2013-01-01
5585,9.94476000000003,29582,2016,146.7621361817804,33.75,281.25,2016-01-01
10088,3.2826500000000465,37090,2021,164.3501758989022,36.25,273.75,2021-01-01
18051,20.75436000000002,92201,2020,188.6994262558885,33.75,243.75,2020-01-01
1328,24.586569999999995,10506,2016,251.08798977657892,41.25,286.25,2016-01-01
7960,23.335300000000018,32750,2017,124.88905202583611,28.75,278.75,2017-01-01
4538,9.705650000000048,21671,2021,208.4684736041781,38.75,283.75,2021-01-01
13416,-11.873599999999954,54601,2021,128.67232422234878,43.75,268.75,2021-01-01
18084,11.643150000000048,92211,2021,223.487139682543,33.75,243.75,2021-01-01
17311,16.571470000000033,83713,2019,168.19671948555094,43.75,243.75,2019-01-01
1229,7.394680000000051,10507,2016,246.9148587980441,41.25,286.25,2016-01-01
19096,14.30093000000005,95677,2016,207.15367734935836,38.75,238.75,2016-01-01
13960,4.769980000000032,61341,2017,70.95583597634939,41.25,271.25,2017-01-01
11367,22.71362000000005,45101,2016,51.64106255374715,38.75,276.25,2016-01-01
